"TimeUTC","timestampInMs","requestPath","requestMethod","requestQueryString","responseStatusCode","requestId","requestUserAgent","level","environment","branch","vercelCache","type","function","host","deploymentDomain","deploymentId","durationMs","region","maxMemoryUsed","memorySize","message","projectId","traceId","sessionId","invocationId","instanceId","concurrency"
"2025-11-17 16:50:06",1763398206942,"next2-pi-ten.vercel.app/api/auth/login","POST","",-1,"27qjh-1763398206815-8d4b531a4ec1","Mozilla/5.0 (Windows NT 10.0; Win64; x64) AppleWebKit/537.36 (KHTML, like Gecko) Chrome/138.0.0.0 YaBrowser/25.8.0.0 Safari/537.36","error","production","main","","lambda","/api/auth/login","next2-pi-ten.vercel.app","next2-pi-ten.vercel.app","dpl_FZ4WbYEmCj12YBM1wfuWaSYebbpi",-1,"fra1",-1,-1,"Error stack: PrismaClientKnownRequestError: 
Invalid `prisma.user.findUnique()` invocation:


The table `public.users` does not exist in the current database.
    at $n.handleRequestError (/var/task/node_modules/@prisma/client/runtime/library.js:121:7315)
    at $n.handleAndLogRequestError (/var/task/node_modules/@prisma/client/runtime/library.js:121:6623)
    at $n.request (/var/task/node_modules/@prisma/client/runtime/library.js:121:6307)
    at async l (/var/task/node_modules/@prisma/client/runtime/library.js:130:9633)
    at async p (/var/task/.next/server/app/api/auth/login/route.js:1:1209)
    at async /var/task/node_modules/next/dist/compiled/next-server/app-route.runtime.prod.js:6:36258
    at async eR.execute (/var/task/node_modules/next/dist/compiled/next-server/app-route.runtime.prod.js:6:26874)
    at async eR.handle (/var/task/node_modules/next/dist/compiled/next-server/app-route.runtime.prod.js:6:37512)
    at async es (/var/task/node_modules/next/dist/compiled/next-server/server.runtime.prod.js:16:25465)
    at async en.responseCache.get.routeKind (/var/task/node_modules/next/dist/compiled/next-server/server.runtime.prod.js:17:1026)","prj_O80Q7CI4HKNiZczdRsgMJnH9RM0Z","","","01KA9BJHB4ZJ588DB76P4AW1ZF","",-1
"2025-11-17 16:50:06",1763398206942,"next2-pi-ten.vercel.app/api/auth/login","POST","",-1,"27qjh-1763398206815-8d4b531a4ec1","Mozilla/5.0 (Windows NT 10.0; Win64; x64) AppleWebKit/537.36 (KHTML, like Gecko) Chrome/138.0.0.0 YaBrowser/25.8.0.0 Safari/537.36","error","production","main","","lambda","/api/auth/login","next2-pi-ten.vercel.app","next2-pi-ten.vercel.app","dpl_FZ4WbYEmCj12YBM1wfuWaSYebbpi",-1,"fra1",-1,-1,"Error message: 
Invalid `prisma.user.findUnique()` invocation:


The table `public.users` does not exist in the current database.","prj_O80Q7CI4HKNiZczdRsgMJnH9RM0Z","","","01KA9BJHB4ZJ588DB76P4AW1ZF","",-1
"2025-11-17 16:50:06",1763398206941,"next2-pi-ten.vercel.app/api/auth/login","POST","",-1,"27qjh-1763398206815-8d4b531a4ec1","Mozilla/5.0 (Windows NT 10.0; Win64; x64) AppleWebKit/537.36 (KHTML, like Gecko) Chrome/138.0.0.0 YaBrowser/25.8.0.0 Safari/537.36","error","production","main","","lambda","/api/auth/login","next2-pi-ten.vercel.app","next2-pi-ten.vercel.app","dpl_FZ4WbYEmCj12YBM1wfuWaSYebbpi",-1,"fra1",-1,-1,"Login error: PrismaClientKnownRequestError: 
Invalid `prisma.user.findUnique()` invocation:


The table `public.users` does not exist in the current database.
    at $n.handleRequestError (/var/task/node_modules/@prisma/client/runtime/library.js:121:7315)
    at $n.handleAndLogRequestError (/var/task/node_modules/@prisma/client/runtime/library.js:121:6623)
    at $n.request (/var/task/node_modules/@prisma/client/runtime/library.js:121:6307)
    at async l (/var/task/node_modules/@prisma/client/runtime/library.js:130:9633)
    at async p (/var/task/.next/server/app/api/auth/login/route.js:1:1209)
    at async /var/task/node_modules/next/dist/compiled/next-server/app-route.runtime.prod.js:6:36258
    at async eR.execute (/var/task/node_modules/next/dist/compiled/next-server/app-route.runtime.prod.js:6:26874)
    at async eR.handle (/var/task/node_modules/next/dist/compiled/next-server/app-route.runtime.prod.js:6:37512)
    at async es (/var/task/node_modules/next/dist/compiled/next-server/server.runtime.prod.js:16:25465)
    at async en.responseCache.get.routeKind (/var/task/node_modules/next/dist/compiled/next-server/server.runtime.prod.js:17:1026) {
  code: 'P2021',
  clientVersion: '5.22.0',
  meta: { modelName: 'User', table: 'public.users' }
}","prj_O80Q7CI4HKNiZczdRsgMJnH9RM0Z","","","01KA9BJHB4ZJ588DB76P4AW1ZF","",-1
"2025-11-17 16:50:06",1763398206941,"next2-pi-ten.vercel.app/api/auth/login","POST","",-1,"27qjh-1763398206815-8d4b531a4ec1","Mozilla/5.0 (Windows NT 10.0; Win64; x64) AppleWebKit/537.36 (KHTML, like Gecko) Chrome/138.0.0.0 YaBrowser/25.8.0.0 Safari/537.36","info","production","main","","lambda","/api/auth/login","next2-pi-ten.vercel.app","next2-pi-ten.vercel.app","dpl_FZ4WbYEmCj12YBM1wfuWaSYebbpi",-1,"fra1",-1,-1,"prisma:error 
Invalid `prisma.user.findUnique()` invocation:


The table `public.users` does not exist in the current database.","prj_O80Q7CI4HKNiZczdRsgMJnH9RM0Z","","","01KA9BJHB4ZJ588DB76P4AW1ZF","",-1
"2025-11-17 16:50:06",1763398206847,"next2-pi-ten.vercel.app/api/auth/login","POST","",-1,"27qjh-1763398206815-8d4b531a4ec1","Mozilla/5.0 (Windows NT 10.0; Win64; x64) AppleWebKit/537.36 (KHTML, like Gecko) Chrome/138.0.0.0 YaBrowser/25.8.0.0 Safari/537.36","info","production","main","","lambda","/api/auth/login","next2-pi-ten.vercel.app","next2-pi-ten.vercel.app","dpl_FZ4WbYEmCj12YBM1wfuWaSYebbpi",-1,"fra1",-1,-1,"Login attempt for: user@technomart.ru","prj_O80Q7CI4HKNiZczdRsgMJnH9RM0Z","","","01KA9BJHB4ZJ588DB76P4AW1ZF","",-1
"2025-11-17 16:50:06",1763398206847,"next2-pi-ten.vercel.app/api/auth/login","POST","",-1,"27qjh-1763398206815-8d4b531a4ec1","Mozilla/5.0 (Windows NT 10.0; Win64; x64) AppleWebKit/537.36 (KHTML, like Gecko) Chrome/138.0.0.0 YaBrowser/25.8.0.0 Safari/537.36","info","production","main","","lambda","/api/auth/login","next2-pi-ten.vercel.app","next2-pi-ten.vercel.app","dpl_FZ4WbYEmCj12YBM1wfuWaSYebbpi",-1,"fra1",-1,-1,"Login API called","prj_O80Q7CI4HKNiZczdRsgMJnH9RM0Z","","","01KA9BJHB4ZJ588DB76P4AW1ZF","",-1
"2025-11-17 16:50:06",1763398206820,"next2-pi-ten.vercel.app/api/auth/login","POST","",500,"27qjh-1763398206815-8d4b531a4ec1","Mozilla/5.0 (Windows NT 10.0; Win64; x64) AppleWebKit/537.36 (KHTML, like Gecko) Chrome/138.0.0.0 YaBrowser/25.8.0.0 Safari/537.36","error","production","main","","lambda","/api/auth/login","next2-pi-ten.vercel.app","next2-pi-ten.vercel.app","dpl_FZ4WbYEmCj12YBM1wfuWaSYebbpi",107,"fra1",127,2048,"","prj_O80Q7CI4HKNiZczdRsgMJnH9RM0Z","","","01KA9BJHB4ZJ588DB76P4AW1ZF","b6tKYhuCMKOg",1
"2025-11-17 16:50:02",1763398202720,"next2-pi-ten.vercel.app/api/auth/login","POST","",-1,"mhf9g-1763398201675-46fc38596f11","Mozilla/5.0 (Windows NT 10.0; Win64; x64) AppleWebKit/537.36 (KHTML, like Gecko) Chrome/138.0.0.0 YaBrowser/25.8.0.0 Safari/537.36","error","production","main","","lambda","/api/auth/login","next2-pi-ten.vercel.app","next2-pi-ten.vercel.app","dpl_FZ4WbYEmCj12YBM1wfuWaSYebbpi",-1,"fra1",-1,-1,"Error stack: PrismaClientKnownRequestError: 
Invalid `prisma.user.findUnique()` invocation:


The table `public.users` does not exist in the current database.
    at $n.handleRequestError (/var/task/node_modules/@prisma/client/runtime/library.js:121:7315)
    at $n.handleAndLogRequestError (/var/task/node_modules/@prisma/client/runtime/library.js:121:6623)
    at $n.request (/var/task/node_modules/@prisma/client/runtime/library.js:121:6307)
    at async l (/var/task/node_modules/@prisma/client/runtime/library.js:130:9633)
    at async p (/var/task/.next/server/app/api/auth/login/route.js:1:1209)
    at async /var/task/node_modules/next/dist/compiled/next-server/app-route.runtime.prod.js:6:36258
    at async eR.execute (/var/task/node_modules/next/dist/compiled/next-server/app-route.runtime.prod.js:6:26874)
    at async eR.handle (/var/task/node_modules/next/dist/compiled/next-server/app-route.runtime.prod.js:6:37512)
    at async es (/var/task/node_modules/next/dist/compiled/next-server/server.runtime.prod.js:16:25465)
    at async en.responseCache.get.routeKind (/var/task/node_modules/next/dist/compiled/next-server/server.runtime.prod.js:17:1026)","prj_O80Q7CI4HKNiZczdRsgMJnH9RM0Z","","","01KA9BJCEYV6FPBK0HG2PX0ST9","",-1
"2025-11-17 16:50:02",1763398202720,"next2-pi-ten.vercel.app/api/auth/login","POST","",-1,"mhf9g-1763398201675-46fc38596f11","Mozilla/5.0 (Windows NT 10.0; Win64; x64) AppleWebKit/537.36 (KHTML, like Gecko) Chrome/138.0.0.0 YaBrowser/25.8.0.0 Safari/537.36","error","production","main","","lambda","/api/auth/login","next2-pi-ten.vercel.app","next2-pi-ten.vercel.app","dpl_FZ4WbYEmCj12YBM1wfuWaSYebbpi",-1,"fra1",-1,-1,"Error message: 
Invalid `prisma.user.findUnique()` invocation:


The table `public.users` does not exist in the current database.","prj_O80Q7CI4HKNiZczdRsgMJnH9RM0Z","","","01KA9BJCEYV6FPBK0HG2PX0ST9","",-1
"2025-11-17 16:50:02",1763398202720,"next2-pi-ten.vercel.app/api/auth/login","POST","",-1,"mhf9g-1763398201675-46fc38596f11","Mozilla/5.0 (Windows NT 10.0; Win64; x64) AppleWebKit/537.36 (KHTML, like Gecko) Chrome/138.0.0.0 YaBrowser/25.8.0.0 Safari/537.36","error","production","main","","lambda","/api/auth/login","next2-pi-ten.vercel.app","next2-pi-ten.vercel.app","dpl_FZ4WbYEmCj12YBM1wfuWaSYebbpi",-1,"fra1",-1,-1,"Login error: PrismaClientKnownRequestError: 
Invalid `prisma.user.findUnique()` invocation:


The table `public.users` does not exist in the current database.
    at $n.handleRequestError (/var/task/node_modules/@prisma/client/runtime/library.js:121:7315)
    at $n.handleAndLogRequestError (/var/task/node_modules/@prisma/client/runtime/library.js:121:6623)
    at $n.request (/var/task/node_modules/@prisma/client/runtime/library.js:121:6307)
    at async l (/var/task/node_modules/@prisma/client/runtime/library.js:130:9633)
    at async p (/var/task/.next/server/app/api/auth/login/route.js:1:1209)
    at async /var/task/node_modules/next/dist/compiled/next-server/app-route.runtime.prod.js:6:36258
    at async eR.execute (/var/task/node_modules/next/dist/compiled/next-server/app-route.runtime.prod.js:6:26874)
    at async eR.handle (/var/task/node_modules/next/dist/compiled/next-server/app-route.runtime.prod.js:6:37512)
    at async es (/var/task/node_modules/next/dist/compiled/next-server/server.runtime.prod.js:16:25465)
    at async en.responseCache.get.routeKind (/var/task/node_modules/next/dist/compiled/next-server/server.runtime.prod.js:17:1026) {
  code: 'P2021',
  clientVersion: '5.22.0',
  meta: { modelName: 'User', table: 'public.users' }
}","prj_O80Q7CI4HKNiZczdRsgMJnH9RM0Z","","","01KA9BJCEYV6FPBK0HG2PX0ST9","",-1
"2025-11-17 16:50:02",1763398202719,"next2-pi-ten.vercel.app/api/auth/login","POST","",-1,"mhf9g-1763398201675-46fc38596f11","Mozilla/5.0 (Windows NT 10.0; Win64; x64) AppleWebKit/537.36 (KHTML, like Gecko) Chrome/138.0.0.0 YaBrowser/25.8.0.0 Safari/537.36","info","production","main","","lambda","/api/auth/login","next2-pi-ten.vercel.app","next2-pi-ten.vercel.app","dpl_FZ4WbYEmCj12YBM1wfuWaSYebbpi",-1,"fra1",-1,-1,"prisma:error 
Invalid `prisma.user.findUnique()` invocation:


The table `public.users` does not exist in the current database.","prj_O80Q7CI4HKNiZczdRsgMJnH9RM0Z","","","01KA9BJCEYV6FPBK0HG2PX0ST9","",-1
"2025-11-17 16:50:01",1763398201913,"next2-pi-ten.vercel.app/api/auth/login","POST","",-1,"mhf9g-1763398201675-46fc38596f11","Mozilla/5.0 (Windows NT 10.0; Win64; x64) AppleWebKit/537.36 (KHTML, like Gecko) Chrome/138.0.0.0 YaBrowser/25.8.0.0 Safari/537.36","info","production","main","","lambda","/api/auth/login","next2-pi-ten.vercel.app","next2-pi-ten.vercel.app","dpl_FZ4WbYEmCj12YBM1wfuWaSYebbpi",-1,"fra1",-1,-1,"Login attempt for: admin@technomart.ru","prj_O80Q7CI4HKNiZczdRsgMJnH9RM0Z","","","01KA9BJCEYV6FPBK0HG2PX0ST9","",-1
"2025-11-17 16:50:01",1763398201910,"next2-pi-ten.vercel.app/api/auth/login","POST","",-1,"mhf9g-1763398201675-46fc38596f11","Mozilla/5.0 (Windows NT 10.0; Win64; x64) AppleWebKit/537.36 (KHTML, like Gecko) Chrome/138.0.0.0 YaBrowser/25.8.0.0 Safari/537.36","info","production","main","","lambda","/api/auth/login","next2-pi-ten.vercel.app","next2-pi-ten.vercel.app","dpl_FZ4WbYEmCj12YBM1wfuWaSYebbpi",-1,"fra1",-1,-1,"Login API called","prj_O80Q7CI4HKNiZczdRsgMJnH9RM0Z","","","01KA9BJCEYV6FPBK0HG2PX0ST9","",-1
"2025-11-17 16:50:01",1763398201822,"next2-pi-ten.vercel.app/api/auth/login","POST","",500,"mhf9g-1763398201675-46fc38596f11","Mozilla/5.0 (Windows NT 10.0; Win64; x64) AppleWebKit/537.36 (KHTML, like Gecko) Chrome/138.0.0.0 YaBrowser/25.8.0.0 Safari/537.36","error","production","main","","lambda","/api/auth/login","next2-pi-ten.vercel.app","next2-pi-ten.vercel.app","dpl_FZ4WbYEmCj12YBM1wfuWaSYebbpi",893,"fra1",126,2048,"","prj_O80Q7CI4HKNiZczdRsgMJnH9RM0Z","","","01KA9BJCEYV6FPBK0HG2PX0ST9","b6tKYhuCMKOg",1
"2025-11-17 16:49:59",1763398199903,"next2-pi-ten.vercel.app/api/products","GET","limit=4",-1,"tn6s2-1763398196433-8c06785bc286","Mozilla/5.0 (Windows NT 10.0; Win64; x64) AppleWebKit/537.36 (KHTML, like Gecko) Chrome/138.0.0.0 YaBrowser/25.8.0.0 Safari/537.36","error","production","main","","lambda","/api/products","next2-pi-ten.vercel.app","next2-pi-ten.vercel.app","dpl_FZ4WbYEmCj12YBM1wfuWaSYebbpi",-1,"fra1",-1,-1,"Products GET Error: PrismaClientKnownRequestError: 
Invalid `prisma.product.count()` invocation:


The table `public.products` does not exist in the current database.
    at $n.handleRequestError (/var/task/node_modules/@prisma/client/runtime/library.js:121:7315)
    at $n.handleAndLogRequestError (/var/task/node_modules/@prisma/client/runtime/library.js:121:6623)
    at $n.request (/var/task/node_modules/@prisma/client/runtime/library.js:121:6307)
    at async l (/var/task/node_modules/@prisma/client/runtime/library.js:130:9633)
    at async Promise.all (index 1)
    at async n (/var/task/.next/server/app/api/products/route.js:1:5135)
    at async m (/var/task/.next/server/app/api/products/route.js:1:1642)
    at async /var/task/node_modules/next/dist/compiled/next-server/app-route.runtime.prod.js:6:36258
    at async eR.execute (/var/task/node_modules/next/dist/compiled/next-server/app-route.runtime.prod.js:6:26874)
    at async eR.handle (/var/task/node_modules/next/dist/compiled/next-server/app-route.runtime.prod.js:6:37512) {
  code: 'P2021',
  clientVersion: '5.22.0',
  meta: { modelName: 'Product', table: 'public.products' }
}","prj_O80Q7CI4HKNiZczdRsgMJnH9RM0Z","","","01KA9BJ7B8RRDMTX7165GKBAXK","",-1
"2025-11-17 16:49:59",1763398199902,"next2-pi-ten.vercel.app/api/products","GET","limit=4",-1,"tn6s2-1763398196433-8c06785bc286","Mozilla/5.0 (Windows NT 10.0; Win64; x64) AppleWebKit/537.36 (KHTML, like Gecko) Chrome/138.0.0.0 YaBrowser/25.8.0.0 Safari/537.36","warning","production","main","","lambda","/api/products","next2-pi-ten.vercel.app","next2-pi-ten.vercel.app","dpl_FZ4WbYEmCj12YBM1wfuWaSYebbpi",-1,"fra1",-1,-1,"Database operation failed (attempt 3/3): 
Invalid `prisma.product.count()` invocation:


The table `public.products` does not exist in the current database.","prj_O80Q7CI4HKNiZczdRsgMJnH9RM0Z","","","01KA9BJ7B8RRDMTX7165GKBAXK","",-1
"2025-11-17 16:49:59",1763398199902,"next2-pi-ten.vercel.app/api/products","GET","limit=4",-1,"tn6s2-1763398196433-8c06785bc286","Mozilla/5.0 (Windows NT 10.0; Win64; x64) AppleWebKit/537.36 (KHTML, like Gecko) Chrome/138.0.0.0 YaBrowser/25.8.0.0 Safari/537.36","info","production","main","","lambda","/api/products","next2-pi-ten.vercel.app","next2-pi-ten.vercel.app","dpl_FZ4WbYEmCj12YBM1wfuWaSYebbpi",-1,"fra1",-1,-1,"prisma:error 
Invalid `prisma.product.count()` invocation:


The table `public.products` does not exist in the current database.","prj_O80Q7CI4HKNiZczdRsgMJnH9RM0Z","","","01KA9BJ7B8RRDMTX7165GKBAXK","",-1
"2025-11-17 16:49:57",1763398197807,"next2-pi-ten.vercel.app/api/products","GET","limit=4",-1,"tn6s2-1763398196433-8c06785bc286","Mozilla/5.0 (Windows NT 10.0; Win64; x64) AppleWebKit/537.36 (KHTML, like Gecko) Chrome/138.0.0.0 YaBrowser/25.8.0.0 Safari/537.36","info","production","main","","lambda","/api/products","next2-pi-ten.vercel.app","next2-pi-ten.vercel.app","dpl_FZ4WbYEmCj12YBM1wfuWaSYebbpi",-1,"fra1",-1,-1,"prisma:error 
Invalid `prisma.product.count()` invocation:


The table `public.products` does not exist in the current database.","prj_O80Q7CI4HKNiZczdRsgMJnH9RM0Z","","","01KA9BJ7B8RRDMTX7165GKBAXK","",-1
"2025-11-17 16:49:57",1763398197807,"next2-pi-ten.vercel.app/api/products","GET","limit=4",-1,"tn6s2-1763398196433-8c06785bc286","Mozilla/5.0 (Windows NT 10.0; Win64; x64) AppleWebKit/537.36 (KHTML, like Gecko) Chrome/138.0.0.0 YaBrowser/25.8.0.0 Safari/537.36","warning","production","main","","lambda","/api/products","next2-pi-ten.vercel.app","next2-pi-ten.vercel.app","dpl_FZ4WbYEmCj12YBM1wfuWaSYebbpi",-1,"fra1",-1,-1,"Database operation failed (attempt 2/3): 
Invalid `prisma.product.findMany()` invocation:


The table `public.products` does not exist in the current database.","prj_O80Q7CI4HKNiZczdRsgMJnH9RM0Z","","","01KA9BJ7B8RRDMTX7165GKBAXK","",-1
"2025-11-17 16:49:57",1763398197807,"next2-pi-ten.vercel.app/api/products","GET","limit=4",-1,"tn6s2-1763398196433-8c06785bc286","Mozilla/5.0 (Windows NT 10.0; Win64; x64) AppleWebKit/537.36 (KHTML, like Gecko) Chrome/138.0.0.0 YaBrowser/25.8.0.0 Safari/537.36","info","production","main","","lambda","/api/products","next2-pi-ten.vercel.app","next2-pi-ten.vercel.app","dpl_FZ4WbYEmCj12YBM1wfuWaSYebbpi",-1,"fra1",-1,-1,"prisma:error 
Invalid `prisma.product.findMany()` invocation:


The table `public.products` does not exist in the current database.","prj_O80Q7CI4HKNiZczdRsgMJnH9RM0Z","","","01KA9BJ7B8RRDMTX7165GKBAXK","",-1
"2025-11-17 16:49:56",1763398196709,"next2-pi-ten.vercel.app/api/products","GET","limit=4",-1,"tn6s2-1763398196433-8c06785bc286","Mozilla/5.0 (Windows NT 10.0; Win64; x64) AppleWebKit/537.36 (KHTML, like Gecko) Chrome/138.0.0.0 YaBrowser/25.8.0.0 Safari/537.36","info","production","main","","lambda","/api/products","next2-pi-ten.vercel.app","next2-pi-ten.vercel.app","dpl_FZ4WbYEmCj12YBM1wfuWaSYebbpi",-1,"fra1",-1,-1,"prisma:error 
Invalid `prisma.product.count()` invocation:


The table `public.products` does not exist in the current database.","prj_O80Q7CI4HKNiZczdRsgMJnH9RM0Z","","","01KA9BJ7B8RRDMTX7165GKBAXK","",-1
"2025-11-17 16:49:56",1763398196707,"next2-pi-ten.vercel.app/api/products","GET","limit=4",-1,"tn6s2-1763398196433-8c06785bc286","Mozilla/5.0 (Windows NT 10.0; Win64; x64) AppleWebKit/537.36 (KHTML, like Gecko) Chrome/138.0.0.0 YaBrowser/25.8.0.0 Safari/537.36","warning","production","main","","lambda","/api/products","next2-pi-ten.vercel.app","next2-pi-ten.vercel.app","dpl_FZ4WbYEmCj12YBM1wfuWaSYebbpi",-1,"fra1",-1,-1,"Database operation failed (attempt 1/3): 
Invalid `prisma.product.findMany()` invocation:


The table `public.products` does not exist in the current database.","prj_O80Q7CI4HKNiZczdRsgMJnH9RM0Z","","","01KA9BJ7B8RRDMTX7165GKBAXK","",-1
"2025-11-17 16:49:56",1763398196707,"next2-pi-ten.vercel.app/api/products","GET","limit=4",-1,"tn6s2-1763398196433-8c06785bc286","Mozilla/5.0 (Windows NT 10.0; Win64; x64) AppleWebKit/537.36 (KHTML, like Gecko) Chrome/138.0.0.0 YaBrowser/25.8.0.0 Safari/537.36","info","production","main","","lambda","/api/products","next2-pi-ten.vercel.app","next2-pi-ten.vercel.app","dpl_FZ4WbYEmCj12YBM1wfuWaSYebbpi",-1,"fra1",-1,-1,"prisma:error 
Invalid `prisma.product.findMany()` invocation:


The table `public.products` does not exist in the current database.","prj_O80Q7CI4HKNiZczdRsgMJnH9RM0Z","","","01KA9BJ7B8RRDMTX7165GKBAXK","",-1
"2025-11-17 16:49:56",1763398196584,"next2-pi-ten.vercel.app/api/products","GET","limit=4",500,"tn6s2-1763398196433-8c06785bc286","Mozilla/5.0 (Windows NT 10.0; Win64; x64) AppleWebKit/537.36 (KHTML, like Gecko) Chrome/138.0.0.0 YaBrowser/25.8.0.0 Safari/537.36","error","production","main","","lambda","/api/products","next2-pi-ten.vercel.app","next2-pi-ten.vercel.app","dpl_FZ4WbYEmCj12YBM1wfuWaSYebbpi",3303,"fra1",128,2048,"","prj_O80Q7CI4HKNiZczdRsgMJnH9RM0Z","","","01KA9BJ7B8RRDMTX7165GKBAXK","WjbWt6n7zn1K",1
"2025-11-17 16:49:56",1763398196553,"next2-pi-ten.vercel.app/api/cart","GET","",401,"swbct-1763398196433-9e23d0561db3","Mozilla/5.0 (Windows NT 10.0; Win64; x64) AppleWebKit/537.36 (KHTML, like Gecko) Chrome/138.0.0.0 YaBrowser/25.8.0.0 Safari/537.36","warning","production","main","","lambda","/api/cart","next2-pi-ten.vercel.app","next2-pi-ten.vercel.app","dpl_FZ4WbYEmCj12YBM1wfuWaSYebbpi",16,"fra1",127,2048,"","prj_O80Q7CI4HKNiZczdRsgMJnH9RM0Z","","","01KA9BJ7A9ZH4YVPA5NW8WC8P4","WjbWt6n7zn1K",1
"2025-11-17 16:49:54",1763398194533,"next2-m3m1f5ewr-tauimis-projects.vercel.app/api/products","GET","limit=4",-1,"dbwbc-1763398187474-5ba9ff677073","vercel-screenshot/1.0","info","production","main","","lambda","/api/products","next2-m3m1f5ewr-tauimis-projects.vercel.app","next2-m3m1f5ewr-tauimis-projects.vercel.app","dpl_FZ4WbYEmCj12YBM1wfuWaSYebbpi",-1,"fra1",-1,-1,"prisma:error 
Invalid `prisma.product.count()` invocation:


The table `public.products` does not exist in the current database.","prj_O80Q7CI4HKNiZczdRsgMJnH9RM0Z","","","01KA9BHYMKQW75GQXA331XJHHW","",-1
"2025-11-17 16:49:54",1763398194518,"next2-m3m1f5ewr-tauimis-projects.vercel.app/api/products","GET","limit=4",-1,"dbwbc-1763398187474-5ba9ff677073","vercel-screenshot/1.0","error","production","main","","lambda","/api/products","next2-m3m1f5ewr-tauimis-projects.vercel.app","next2-m3m1f5ewr-tauimis-projects.vercel.app","dpl_FZ4WbYEmCj12YBM1wfuWaSYebbpi",-1,"fra1",-1,-1,"Products GET Error: PrismaClientKnownRequestError: 
Invalid `prisma.product.findMany()` invocation:


The table `public.products` does not exist in the current database.
    at $n.handleRequestError (/var/task/node_modules/@prisma/client/runtime/library.js:121:7315)
    at $n.handleAndLogRequestError (/var/task/node_modules/@prisma/client/runtime/library.js:121:6623)
    at $n.request (/var/task/node_modules/@prisma/client/runtime/library.js:121:6307)
    at async l (/var/task/node_modules/@prisma/client/runtime/library.js:130:9633)
    at async Promise.all (index 0)
    at async n (/var/task/.next/server/app/api/products/route.js:1:5135)
    at async m (/var/task/.next/server/app/api/products/route.js:1:1642)
    at async /var/task/node_modules/next/dist/compiled/next-server/app-route.runtime.prod.js:6:36258
    at async eR.execute (/var/task/node_modules/next/dist/compiled/next-server/app-route.runtime.prod.js:6:26874)
    at async eR.handle (/var/task/node_modules/next/dist/compiled/next-server/app-route.runtime.prod.js:6:37512) {
  code: 'P2021',
  clientVersion: '5.22.0',
  meta: { modelName: 'Product', table: 'public.products' }
}","prj_O80Q7CI4HKNiZczdRsgMJnH9RM0Z","","","01KA9BHYMKQW75GQXA331XJHHW","",-1
"2025-11-17 16:49:54",1763398194517,"next2-m3m1f5ewr-tauimis-projects.vercel.app/api/products","GET","limit=4",-1,"dbwbc-1763398187474-5ba9ff677073","vercel-screenshot/1.0","warning","production","main","","lambda","/api/products","next2-m3m1f5ewr-tauimis-projects.vercel.app","next2-m3m1f5ewr-tauimis-projects.vercel.app","dpl_FZ4WbYEmCj12YBM1wfuWaSYebbpi",-1,"fra1",-1,-1,"Database operation failed (attempt 3/3): 
Invalid `prisma.product.findMany()` invocation:


The table `public.products` does not exist in the current database.","prj_O80Q7CI4HKNiZczdRsgMJnH9RM0Z","","","01KA9BHYMKQW75GQXA331XJHHW","",-1
"2025-11-17 16:49:54",1763398194517,"next2-m3m1f5ewr-tauimis-projects.vercel.app/api/products","GET","limit=4",-1,"dbwbc-1763398187474-5ba9ff677073","vercel-screenshot/1.0","info","production","main","","lambda","/api/products","next2-m3m1f5ewr-tauimis-projects.vercel.app","next2-m3m1f5ewr-tauimis-projects.vercel.app","dpl_FZ4WbYEmCj12YBM1wfuWaSYebbpi",-1,"fra1",-1,-1,"prisma:error 
Invalid `prisma.product.findMany()` invocation:


The table `public.products` does not exist in the current database.","prj_O80Q7CI4HKNiZczdRsgMJnH9RM0Z","","","01KA9BHYMKQW75GQXA331XJHHW","",-1
"2025-11-17 16:49:54",1763398194487,"next2-m3m1f5ewr-tauimis-projects.vercel.app/api/products","GET","limit=4",-1,"5wnrh-1763398187689-f779896fca16","vercel-screenshot/1.0","error","production","main","","lambda","/api/products","next2-m3m1f5ewr-tauimis-projects.vercel.app","next2-m3m1f5ewr-tauimis-projects.vercel.app","dpl_FZ4WbYEmCj12YBM1wfuWaSYebbpi",-1,"fra1",-1,-1,"Products GET Error: PrismaClientKnownRequestError: 
Invalid `prisma.product.count()` invocation:


The table `public.products` does not exist in the current database.
    at $n.handleRequestError (/var/task/node_modules/@prisma/client/runtime/library.js:121:7315)
    at $n.handleAndLogRequestError (/var/task/node_modules/@prisma/client/runtime/library.js:121:6623)
    at $n.request (/var/task/node_modules/@prisma/client/runtime/library.js:121:6307)
    at async l (/var/task/node_modules/@prisma/client/runtime/library.js:130:9633)
    at async Promise.all (index 1)
    at async n (/var/task/.next/server/app/api/products/route.js:1:5135)
    at async m (/var/task/.next/server/app/api/products/route.js:1:1642)
    at async /var/task/node_modules/next/dist/compiled/next-server/app-route.runtime.prod.js:6:36258
    at async eR.execute (/var/task/node_modules/next/dist/compiled/next-server/app-route.runtime.prod.js:6:26874)
    at async eR.handle (/var/task/node_modules/next/dist/compiled/next-server/app-route.runtime.prod.js:6:37512) {
  code: 'P2021',
  clientVersion: '5.22.0',
  meta: { modelName: 'Product', table: 'public.products' }
}","prj_O80Q7CI4HKNiZczdRsgMJnH9RM0Z","","","01KA9BHYQV1D07F2N7XFC6JNAT","",-1
"2025-11-17 16:49:54",1763398194486,"next2-m3m1f5ewr-tauimis-projects.vercel.app/api/products","GET","limit=4",-1,"5wnrh-1763398187689-f779896fca16","vercel-screenshot/1.0","warning","production","main","","lambda","/api/products","next2-m3m1f5ewr-tauimis-projects.vercel.app","next2-m3m1f5ewr-tauimis-projects.vercel.app","dpl_FZ4WbYEmCj12YBM1wfuWaSYebbpi",-1,"fra1",-1,-1,"Database operation failed (attempt 3/3): 
Invalid `prisma.product.count()` invocation:


The table `public.products` does not exist in the current database.","prj_O80Q7CI4HKNiZczdRsgMJnH9RM0Z","","","01KA9BHYQV1D07F2N7XFC6JNAT","",-1
"2025-11-17 16:49:54",1763398194486,"next2-m3m1f5ewr-tauimis-projects.vercel.app/api/products","GET","limit=4",-1,"5wnrh-1763398187689-f779896fca16","vercel-screenshot/1.0","info","production","main","","lambda","/api/products","next2-m3m1f5ewr-tauimis-projects.vercel.app","next2-m3m1f5ewr-tauimis-projects.vercel.app","dpl_FZ4WbYEmCj12YBM1wfuWaSYebbpi",-1,"fra1",-1,-1,"prisma:error 
Invalid `prisma.product.count()` invocation:


The table `public.products` does not exist in the current database.","prj_O80Q7CI4HKNiZczdRsgMJnH9RM0Z","","","01KA9BHYQV1D07F2N7XFC6JNAT","",-1
"2025-11-17 16:49:52",1763398192421,"next2-m3m1f5ewr-tauimis-projects.vercel.app/api/products","GET","limit=4",-1,"dbwbc-1763398187474-5ba9ff677073","vercel-screenshot/1.0","info","production","main","","lambda","/api/products","next2-m3m1f5ewr-tauimis-projects.vercel.app","next2-m3m1f5ewr-tauimis-projects.vercel.app","dpl_FZ4WbYEmCj12YBM1wfuWaSYebbpi",-1,"fra1",-1,-1,"prisma:error 
Invalid `prisma.product.count()` invocation:


The table `public.products` does not exist in the current database.","prj_O80Q7CI4HKNiZczdRsgMJnH9RM0Z","","","01KA9BHYMKQW75GQXA331XJHHW","",-1
"2025-11-17 16:49:52",1763398192421,"next2-m3m1f5ewr-tauimis-projects.vercel.app/api/products","GET","limit=4",-1,"dbwbc-1763398187474-5ba9ff677073","vercel-screenshot/1.0","warning","production","main","","lambda","/api/products","next2-m3m1f5ewr-tauimis-projects.vercel.app","next2-m3m1f5ewr-tauimis-projects.vercel.app","dpl_FZ4WbYEmCj12YBM1wfuWaSYebbpi",-1,"fra1",-1,-1,"Database operation failed (attempt 2/3): 
Invalid `prisma.product.findMany()` invocation:


The table `public.products` does not exist in the current database.","prj_O80Q7CI4HKNiZczdRsgMJnH9RM0Z","","","01KA9BHYMKQW75GQXA331XJHHW","",-1
"2025-11-17 16:49:52",1763398192421,"next2-m3m1f5ewr-tauimis-projects.vercel.app/api/products","GET","limit=4",-1,"dbwbc-1763398187474-5ba9ff677073","vercel-screenshot/1.0","info","production","main","","lambda","/api/products","next2-m3m1f5ewr-tauimis-projects.vercel.app","next2-m3m1f5ewr-tauimis-projects.vercel.app","dpl_FZ4WbYEmCj12YBM1wfuWaSYebbpi",-1,"fra1",-1,-1,"prisma:error 
Invalid `prisma.product.findMany()` invocation:


The table `public.products` does not exist in the current database.","prj_O80Q7CI4HKNiZczdRsgMJnH9RM0Z","","","01KA9BHYMKQW75GQXA331XJHHW","",-1
"2025-11-17 16:49:52",1763398192389,"next2-m3m1f5ewr-tauimis-projects.vercel.app/api/products","GET","limit=4",-1,"5wnrh-1763398187689-f779896fca16","vercel-screenshot/1.0","info","production","main","","lambda","/api/products","next2-m3m1f5ewr-tauimis-projects.vercel.app","next2-m3m1f5ewr-tauimis-projects.vercel.app","dpl_FZ4WbYEmCj12YBM1wfuWaSYebbpi",-1,"fra1",-1,-1,"prisma:error 
Invalid `prisma.product.count()` invocation:


The table `public.products` does not exist in the current database.","prj_O80Q7CI4HKNiZczdRsgMJnH9RM0Z","","","01KA9BHYQV1D07F2N7XFC6JNAT","",-1
"2025-11-17 16:49:52",1763398192388,"next2-m3m1f5ewr-tauimis-projects.vercel.app/api/products","GET","limit=4",-1,"5wnrh-1763398187689-f779896fca16","vercel-screenshot/1.0","warning","production","main","","lambda","/api/products","next2-m3m1f5ewr-tauimis-projects.vercel.app","next2-m3m1f5ewr-tauimis-projects.vercel.app","dpl_FZ4WbYEmCj12YBM1wfuWaSYebbpi",-1,"fra1",-1,-1,"Database operation failed (attempt 2/3): 
Invalid `prisma.product.findMany()` invocation:


The table `public.products` does not exist in the current database.","prj_O80Q7CI4HKNiZczdRsgMJnH9RM0Z","","","01KA9BHYQV1D07F2N7XFC6JNAT","",-1
"2025-11-17 16:49:52",1763398192388,"next2-m3m1f5ewr-tauimis-projects.vercel.app/api/products","GET","limit=4",-1,"5wnrh-1763398187689-f779896fca16","vercel-screenshot/1.0","info","production","main","","lambda","/api/products","next2-m3m1f5ewr-tauimis-projects.vercel.app","next2-m3m1f5ewr-tauimis-projects.vercel.app","dpl_FZ4WbYEmCj12YBM1wfuWaSYebbpi",-1,"fra1",-1,-1,"prisma:error 
Invalid `prisma.product.findMany()` invocation:


The table `public.products` does not exist in the current database.","prj_O80Q7CI4HKNiZczdRsgMJnH9RM0Z","","","01KA9BHYQV1D07F2N7XFC6JNAT","",-1
"2025-11-17 16:49:51",1763398191892,"next2-m3m1f5ewr-tauimis-projects.vercel.app/api/products","GET","limit=4",-1,"dbwbc-1763398187474-5ba9ff677073","vercel-screenshot/1.0","info","production","main","","lambda","/api/products","next2-m3m1f5ewr-tauimis-projects.vercel.app","next2-m3m1f5ewr-tauimis-projects.vercel.app","dpl_FZ4WbYEmCj12YBM1wfuWaSYebbpi",-1,"fra1",-1,-1,"prisma:error 
Invalid `prisma.product.findMany()` invocation:


The table `public.products` does not exist in the current database.","prj_O80Q7CI4HKNiZczdRsgMJnH9RM0Z","","","01KA9BHYMKQW75GQXA331XJHHW","",-1
"2025-11-17 16:49:51",1763398191856,"next2-m3m1f5ewr-tauimis-projects.vercel.app/api/products","GET","limit=4",-1,"5wnrh-1763398187689-f779896fca16","vercel-screenshot/1.0","info","production","main","","lambda","/api/products","next2-m3m1f5ewr-tauimis-projects.vercel.app","next2-m3m1f5ewr-tauimis-projects.vercel.app","dpl_FZ4WbYEmCj12YBM1wfuWaSYebbpi",-1,"fra1",-1,-1,"prisma:error 
Invalid `prisma.product.findMany()` invocation:


The table `public.products` does not exist in the current database.","prj_O80Q7CI4HKNiZczdRsgMJnH9RM0Z","","","01KA9BHYQV1D07F2N7XFC6JNAT","",-1
"2025-11-17 16:49:51",1763398191323,"next2-m3m1f5ewr-tauimis-projects.vercel.app/api/products","GET","limit=4",-1,"dbwbc-1763398187474-5ba9ff677073","vercel-screenshot/1.0","warning","production","main","","lambda","/api/products","next2-m3m1f5ewr-tauimis-projects.vercel.app","next2-m3m1f5ewr-tauimis-projects.vercel.app","dpl_FZ4WbYEmCj12YBM1wfuWaSYebbpi",-1,"fra1",-1,-1,"Database operation failed (attempt 1/3): 
Invalid `prisma.product.count()` invocation:


The table `public.products` does not exist in the current database.","prj_O80Q7CI4HKNiZczdRsgMJnH9RM0Z","","","01KA9BHYMKQW75GQXA331XJHHW","",-1
"2025-11-17 16:49:51",1763398191323,"next2-m3m1f5ewr-tauimis-projects.vercel.app/api/products","GET","limit=4",-1,"dbwbc-1763398187474-5ba9ff677073","vercel-screenshot/1.0","info","production","main","","lambda","/api/products","next2-m3m1f5ewr-tauimis-projects.vercel.app","next2-m3m1f5ewr-tauimis-projects.vercel.app","dpl_FZ4WbYEmCj12YBM1wfuWaSYebbpi",-1,"fra1",-1,-1,"prisma:error 
Invalid `prisma.product.count()` invocation:


The table `public.products` does not exist in the current database.","prj_O80Q7CI4HKNiZczdRsgMJnH9RM0Z","","","01KA9BHYMKQW75GQXA331XJHHW","",-1
"2025-11-17 16:49:51",1763398191289,"next2-m3m1f5ewr-tauimis-projects.vercel.app/api/products","GET","limit=4",-1,"5wnrh-1763398187689-f779896fca16","vercel-screenshot/1.0","warning","production","main","","lambda","/api/products","next2-m3m1f5ewr-tauimis-projects.vercel.app","next2-m3m1f5ewr-tauimis-projects.vercel.app","dpl_FZ4WbYEmCj12YBM1wfuWaSYebbpi",-1,"fra1",-1,-1,"Database operation failed (attempt 1/3): 
Invalid `prisma.product.count()` invocation:


The table `public.products` does not exist in the current database.","prj_O80Q7CI4HKNiZczdRsgMJnH9RM0Z","","","01KA9BHYQV1D07F2N7XFC6JNAT","",-1
"2025-11-17 16:49:51",1763398191289,"next2-m3m1f5ewr-tauimis-projects.vercel.app/api/products","GET","limit=4",-1,"5wnrh-1763398187689-f779896fca16","vercel-screenshot/1.0","info","production","main","","lambda","/api/products","next2-m3m1f5ewr-tauimis-projects.vercel.app","next2-m3m1f5ewr-tauimis-projects.vercel.app","dpl_FZ4WbYEmCj12YBM1wfuWaSYebbpi",-1,"fra1",-1,-1,"prisma:error 
Invalid `prisma.product.count()` invocation:


The table `public.products` does not exist in the current database.","prj_O80Q7CI4HKNiZczdRsgMJnH9RM0Z","","","01KA9BHYQV1D07F2N7XFC6JNAT","",-1
"2025-11-17 16:49:47",1763398187771,"next2-m3m1f5ewr-tauimis-projects.vercel.app/api/products","GET","limit=4",500,"5wnrh-1763398187689-f779896fca16","vercel-screenshot/1.0","error","production","main","","lambda","/api/products","next2-m3m1f5ewr-tauimis-projects.vercel.app","next2-m3m1f5ewr-tauimis-projects.vercel.app","dpl_FZ4WbYEmCj12YBM1wfuWaSYebbpi",6572,"fra1",125,2048,"","prj_O80Q7CI4HKNiZczdRsgMJnH9RM0Z","","","01KA9BHYQV1D07F2N7XFC6JNAT","SOYZIcgZ6Sya",1
"2025-11-17 16:49:47",1763398187771,"next2-m3m1f5ewr-tauimis-projects.vercel.app/api/cart","GET","",401,"t5hvs-1763398187687-2c21c2f43344","vercel-screenshot/1.0","warning","production","main","","lambda","/api/cart","next2-m3m1f5ewr-tauimis-projects.vercel.app","next2-m3m1f5ewr-tauimis-projects.vercel.app","dpl_FZ4WbYEmCj12YBM1wfuWaSYebbpi",414,"fra1",106,2048,"","prj_O80Q7CI4HKNiZczdRsgMJnH9RM0Z","","","01KA9BHYQV1D07F2N7XF7ETDTX","Hu9oTCdhdUZ5",1
"2025-11-17 16:49:47",1763398187667,"next2-m3m1f5ewr-tauimis-projects.vercel.app/api/products","GET","limit=4",500,"dbwbc-1763398187474-5ba9ff677073","vercel-screenshot/1.0","error","production","main","","lambda","/api/products","next2-m3m1f5ewr-tauimis-projects.vercel.app","next2-m3m1f5ewr-tauimis-projects.vercel.app","dpl_FZ4WbYEmCj12YBM1wfuWaSYebbpi",6661,"fra1",126,2048,"","prj_O80Q7CI4HKNiZczdRsgMJnH9RM0Z","","","01KA9BHYMKQW75GQXA331XJHHW","WjbWt6n7zn1K",1
"2025-11-17 16:49:47",1763398187662,"next2-m3m1f5ewr-tauimis-projects.vercel.app/api/cart","GET","",401,"7c64m-1763398187473-f3ecbff53496","vercel-screenshot/1.0","warning","production","main","","lambda","/api/cart","next2-m3m1f5ewr-tauimis-projects.vercel.app","next2-m3m1f5ewr-tauimis-projects.vercel.app","dpl_FZ4WbYEmCj12YBM1wfuWaSYebbpi",347,"fra1",137,2048,"","prj_O80Q7CI4HKNiZczdRsgMJnH9RM0Z","","","01KA9BHYMEDHJ01R3QVJZJSTB4","9B0PNJp5SGC9",1
"2025-11-17 16:48:56",1763398136183,"next2-pi-ten.vercel.app/api/products","GET","limit=4",-1,"lfwbs-1763398132376-f0ac529d9ad7","Mozilla/5.0 (Windows NT 10.0; Win64; x64) AppleWebKit/537.36 (KHTML, like Gecko) Chrome/138.0.0.0 YaBrowser/25.8.0.0 Safari/537.36","error","production","main","","lambda","/api/products","next2-pi-ten.vercel.app","next2-pi-ten.vercel.app","dpl_J7eL6aWj6rizVjrXraxupNdDhf6W",-1,"fra1",-1,-1,"Products GET Error: PrismaClientKnownRequestError: 
Invalid `prisma.product.count()` invocation:


This request could not be understood by the server: {""type"":""UnknownJsonError"",""body"":{""code"":""P6002"",""message"":""The provided API Key is invalid. Reason: API key is invalid""}} (The request id was: 9a00b7eddafed290)
    at $n.handleRequestError (/var/task/node_modules/@prisma/client/runtime/library.js:121:7315)
    at $n.handleAndLogRequestError (/var/task/node_modules/@prisma/client/runtime/library.js:121:6623)
    at $n.request (/var/task/node_modules/@prisma/client/runtime/library.js:121:6307)
    at process.processTicksAndRejections (node:internal/process/task_queues:105:5)
    at async l (/var/task/node_modules/@prisma/client/runtime/library.js:130:9633)
    at async Promise.all (index 1)
    at async n (/var/task/.next/server/app/api/products/route.js:1:5135)
    at async m (/var/task/.next/server/app/api/products/route.js:1:1642)
    at async /var/task/node_modules/next/dist/compiled/next-server/app-route.runtime.prod.js:6:36258
    at async eR.execute (/var/task/node_modules/next/dist/compiled/next-server/app-route.runtime.prod.js:6:26874) {
  code: 'P5000',
  clientVersion: '5.22.0',
  meta: { modelName: 'Product' }
}","prj_O80Q7CI4HKNiZczdRsgMJnH9RM0Z","","","01KA9BG8N7409AJJ3931H0TGFD","",-1
"2025-11-17 16:48:56",1763398136182,"next2-pi-ten.vercel.app/api/products","GET","limit=4",-1,"lfwbs-1763398132376-f0ac529d9ad7","Mozilla/5.0 (Windows NT 10.0; Win64; x64) AppleWebKit/537.36 (KHTML, like Gecko) Chrome/138.0.0.0 YaBrowser/25.8.0.0 Safari/537.36","warning","production","main","","lambda","/api/products","next2-pi-ten.vercel.app","next2-pi-ten.vercel.app","dpl_J7eL6aWj6rizVjrXraxupNdDhf6W",-1,"fra1",-1,-1,"Database operation failed (attempt 3/3): 
Invalid `prisma.product.count()` invocation:


This request could not be understood by the server: {""type"":""UnknownJsonError"",""body"":{""code"":""P6002"",""message"":""The provided API Key is invalid. Reason: API key is invalid""}} (The request id was: 9a00b7eddafed290)","prj_O80Q7CI4HKNiZczdRsgMJnH9RM0Z","","","01KA9BG8N7409AJJ3931H0TGFD","",-1
"2025-11-17 16:48:56",1763398136182,"next2-pi-ten.vercel.app/api/products","GET","limit=4",-1,"lfwbs-1763398132376-f0ac529d9ad7","Mozilla/5.0 (Windows NT 10.0; Win64; x64) AppleWebKit/537.36 (KHTML, like Gecko) Chrome/138.0.0.0 YaBrowser/25.8.0.0 Safari/537.36","info","production","main","","lambda","/api/products","next2-pi-ten.vercel.app","next2-pi-ten.vercel.app","dpl_J7eL6aWj6rizVjrXraxupNdDhf6W",-1,"fra1",-1,-1,"prisma:error 
Invalid `prisma.product.count()` invocation:


This request could not be understood by the server: {""type"":""UnknownJsonError"",""body"":{""code"":""P6002"",""message"":""The provided API Key is invalid. Reason: API key is invalid""}} (The request id was: 9a00b7eddafed290)","prj_O80Q7CI4HKNiZczdRsgMJnH9RM0Z","","","01KA9BG8N7409AJJ3931H0TGFD","",-1
"2025-11-17 16:48:54",1763398134006,"next2-pi-ten.vercel.app/api/products","GET","limit=4",-1,"lfwbs-1763398132376-f0ac529d9ad7","Mozilla/5.0 (Windows NT 10.0; Win64; x64) AppleWebKit/537.36 (KHTML, like Gecko) Chrome/138.0.0.0 YaBrowser/25.8.0.0 Safari/537.36","info","production","main","","lambda","/api/products","next2-pi-ten.vercel.app","next2-pi-ten.vercel.app","dpl_J7eL6aWj6rizVjrXraxupNdDhf6W",-1,"fra1",-1,-1,"prisma:error 
Invalid `prisma.product.findMany()` invocation:


This request could not be understood by the server: {""type"":""UnknownJsonError"",""body"":{""code"":""P6002"",""message"":""The provided API Key is invalid. Reason: API key is invalid""}} (The request id was: 9a00b7e01b0f6927)","prj_O80Q7CI4HKNiZczdRsgMJnH9RM0Z","","","01KA9BG8N7409AJJ3931H0TGFD","",-1
"2025-11-17 16:48:53",1763398133966,"next2-pi-ten.vercel.app/api/products","GET","limit=4",-1,"lfwbs-1763398132376-f0ac529d9ad7","Mozilla/5.0 (Windows NT 10.0; Win64; x64) AppleWebKit/537.36 (KHTML, like Gecko) Chrome/138.0.0.0 YaBrowser/25.8.0.0 Safari/537.36","warning","production","main","","lambda","/api/products","next2-pi-ten.vercel.app","next2-pi-ten.vercel.app","dpl_J7eL6aWj6rizVjrXraxupNdDhf6W",-1,"fra1",-1,-1,"Database operation failed (attempt 2/3): 
Invalid `prisma.product.count()` invocation:


This request could not be understood by the server: {""type"":""UnknownJsonError"",""body"":{""code"":""P6002"",""message"":""The provided API Key is invalid. Reason: API key is invalid""}} (The request id was: 9a00b7e01910d290)","prj_O80Q7CI4HKNiZczdRsgMJnH9RM0Z","","","01KA9BG8N7409AJJ3931H0TGFD","",-1
"2025-11-17 16:48:53",1763398133966,"next2-pi-ten.vercel.app/api/products","GET","limit=4",-1,"lfwbs-1763398132376-f0ac529d9ad7","Mozilla/5.0 (Windows NT 10.0; Win64; x64) AppleWebKit/537.36 (KHTML, like Gecko) Chrome/138.0.0.0 YaBrowser/25.8.0.0 Safari/537.36","info","production","main","","lambda","/api/products","next2-pi-ten.vercel.app","next2-pi-ten.vercel.app","dpl_J7eL6aWj6rizVjrXraxupNdDhf6W",-1,"fra1",-1,-1,"prisma:error 
Invalid `prisma.product.count()` invocation:


This request could not be understood by the server: {""type"":""UnknownJsonError"",""body"":{""code"":""P6002"",""message"":""The provided API Key is invalid. Reason: API key is invalid""}} (The request id was: 9a00b7e01910d290)","prj_O80Q7CI4HKNiZczdRsgMJnH9RM0Z","","","01KA9BG8N7409AJJ3931H0TGFD","",-1
"2025-11-17 16:48:52",1763398132773,"next2-pi-ten.vercel.app/api/products","GET","limit=4",-1,"lfwbs-1763398132376-f0ac529d9ad7","Mozilla/5.0 (Windows NT 10.0; Win64; x64) AppleWebKit/537.36 (KHTML, like Gecko) Chrome/138.0.0.0 YaBrowser/25.8.0.0 Safari/537.36","info","production","main","","lambda","/api/products","next2-pi-ten.vercel.app","next2-pi-ten.vercel.app","dpl_J7eL6aWj6rizVjrXraxupNdDhf6W",-1,"fra1",-1,-1,"prisma:error 
Invalid `prisma.product.count()` invocation:


This request could not be understood by the server: {""type"":""UnknownJsonError"",""body"":{""code"":""P6002"",""message"":""The provided API Key is invalid. Reason: API key is invalid""}} (The request id was: 9a00b7d85ce8d290)","prj_O80Q7CI4HKNiZczdRsgMJnH9RM0Z","","","01KA9BG8N7409AJJ3931H0TGFD","",-1
"2025-11-17 16:48:52",1763398132769,"next2-pi-ten.vercel.app/api/products","GET","limit=4",-1,"lfwbs-1763398132376-f0ac529d9ad7","Mozilla/5.0 (Windows NT 10.0; Win64; x64) AppleWebKit/537.36 (KHTML, like Gecko) Chrome/138.0.0.0 YaBrowser/25.8.0.0 Safari/537.36","warning","production","main","","lambda","/api/products","next2-pi-ten.vercel.app","next2-pi-ten.vercel.app","dpl_J7eL6aWj6rizVjrXraxupNdDhf6W",-1,"fra1",-1,-1,"Database operation failed (attempt 1/3): 
Invalid `prisma.product.findMany()` invocation:


This request could not be understood by the server: {""type"":""UnknownJsonError"",""body"":{""code"":""P6002"",""message"":""The provided API Key is invalid. Reason: API key is invalid""}} (The request id was: 9a00b7d84c8d6927)","prj_O80Q7CI4HKNiZczdRsgMJnH9RM0Z","","","01KA9BG8N7409AJJ3931H0TGFD","",-1
"2025-11-17 16:48:52",1763398132769,"next2-pi-ten.vercel.app/api/products","GET","limit=4",-1,"lfwbs-1763398132376-f0ac529d9ad7","Mozilla/5.0 (Windows NT 10.0; Win64; x64) AppleWebKit/537.36 (KHTML, like Gecko) Chrome/138.0.0.0 YaBrowser/25.8.0.0 Safari/537.36","info","production","main","","lambda","/api/products","next2-pi-ten.vercel.app","next2-pi-ten.vercel.app","dpl_J7eL6aWj6rizVjrXraxupNdDhf6W",-1,"fra1",-1,-1,"prisma:error 
Invalid `prisma.product.findMany()` invocation:


This request could not be understood by the server: {""type"":""UnknownJsonError"",""body"":{""code"":""P6002"",""message"":""The provided API Key is invalid. Reason: API key is invalid""}} (The request id was: 9a00b7d84c8d6927)","prj_O80Q7CI4HKNiZczdRsgMJnH9RM0Z","","","01KA9BG8N7409AJJ3931H0TGFD","",-1
"2025-11-17 16:48:52",1763398132391,"next2-pi-ten.vercel.app/api/products","GET","limit=4",500,"lfwbs-1763398132376-f0ac529d9ad7","Mozilla/5.0 (Windows NT 10.0; Win64; x64) AppleWebKit/537.36 (KHTML, like Gecko) Chrome/138.0.0.0 YaBrowser/25.8.0.0 Safari/537.36","error","production","main","","lambda","/api/products","next2-pi-ten.vercel.app","next2-pi-ten.vercel.app","dpl_J7eL6aWj6rizVjrXraxupNdDhf6W",3721,"fra1",127,2048,"","prj_O80Q7CI4HKNiZczdRsgMJnH9RM0Z","","","01KA9BG8N7409AJJ3931H0TGFD","goPGAyEz1D3e",1
"2025-11-17 16:48:52",1763398132383,"next2-pi-ten.vercel.app/api/cart","GET","",401,"mglx4-1763398132376-bb6f247986df","Mozilla/5.0 (Windows NT 10.0; Win64; x64) AppleWebKit/537.36 (KHTML, like Gecko) Chrome/138.0.0.0 YaBrowser/25.8.0.0 Safari/537.36","warning","production","main","","lambda","/api/cart","next2-pi-ten.vercel.app","next2-pi-ten.vercel.app","dpl_J7eL6aWj6rizVjrXraxupNdDhf6W",62,"fra1",113,2048,"","prj_O80Q7CI4HKNiZczdRsgMJnH9RM0Z","","","01KA9BG8MZVJRWNGD4TXJPDKMZ","goPGAyEz1D3e",1
"2025-11-17 16:41:20",1763397680349,"next2-pi-ten.vercel.app/api/products","GET","limit=4",-1,"9pzz2-1763397675848-0296dd36379a","Mozilla/5.0 (Windows NT 10.0; Win64; x64) AppleWebKit/537.36 (KHTML, like Gecko) Chrome/138.0.0.0 YaBrowser/25.8.0.0 Safari/537.36","error","production","main","","lambda","/api/products","next2-pi-ten.vercel.app","next2-pi-ten.vercel.app","dpl_J7eL6aWj6rizVjrXraxupNdDhf6W",-1,"fra1",-1,-1,"Products GET Error: PrismaClientKnownRequestError: 
Invalid `prisma.product.findMany()` invocation:


This request could not be understood by the server: {""type"":""UnknownJsonError"",""body"":{""code"":""P6002"",""message"":""The provided API Key is invalid. Reason: API key is invalid""}} (The request id was: 9a00acccebcf922c)
    at $n.handleRequestError (/var/task/node_modules/@prisma/client/runtime/library.js:121:7315)
    at $n.handleAndLogRequestError (/var/task/node_modules/@prisma/client/runtime/library.js:121:6623)
    at $n.request (/var/task/node_modules/@prisma/client/runtime/library.js:121:6307)
    at process.processTicksAndRejections (node:internal/process/task_queues:105:5)
    at async l (/var/task/node_modules/@prisma/client/runtime/library.js:130:9633)
    at async Promise.all (index 0)
    at async n (/var/task/.next/server/app/api/products/route.js:1:5135)
    at async m (/var/task/.next/server/app/api/products/route.js:1:1642)
    at async /var/task/node_modules/next/dist/compiled/next-server/app-route.runtime.prod.js:6:36258
    at async eR.execute (/var/task/node_modules/next/dist/compiled/next-server/app-route.runtime.prod.js:6:26874) {
  code: 'P5000',
  clientVersion: '5.22.0',
  meta: { modelName: 'Product' }
}","prj_O80Q7CI4HKNiZczdRsgMJnH9RM0Z","","","01KA9B2AYVB8ZC50JN7Y0Q8K8E","",-1
"2025-11-17 16:41:20",1763397680348,"next2-pi-ten.vercel.app/api/products","GET","limit=4",-1,"9pzz2-1763397675848-0296dd36379a","Mozilla/5.0 (Windows NT 10.0; Win64; x64) AppleWebKit/537.36 (KHTML, like Gecko) Chrome/138.0.0.0 YaBrowser/25.8.0.0 Safari/537.36","warning","production","main","","lambda","/api/products","next2-pi-ten.vercel.app","next2-pi-ten.vercel.app","dpl_J7eL6aWj6rizVjrXraxupNdDhf6W",-1,"fra1",-1,-1,"Database operation failed (attempt 3/3): 
Invalid `prisma.product.findMany()` invocation:


This request could not be understood by the server: {""type"":""UnknownJsonError"",""body"":{""code"":""P6002"",""message"":""The provided API Key is invalid. Reason: API key is invalid""}} (The request id was: 9a00acccebcf922c)","prj_O80Q7CI4HKNiZczdRsgMJnH9RM0Z","","","01KA9B2AYVB8ZC50JN7Y0Q8K8E","",-1
"2025-11-17 16:41:20",1763397680347,"next2-pi-ten.vercel.app/api/products","GET","limit=4",-1,"9pzz2-1763397675848-0296dd36379a","Mozilla/5.0 (Windows NT 10.0; Win64; x64) AppleWebKit/537.36 (KHTML, like Gecko) Chrome/138.0.0.0 YaBrowser/25.8.0.0 Safari/537.36","info","production","main","","lambda","/api/products","next2-pi-ten.vercel.app","next2-pi-ten.vercel.app","dpl_J7eL6aWj6rizVjrXraxupNdDhf6W",-1,"fra1",-1,-1,"prisma:error 
Invalid `prisma.product.findMany()` invocation:


This request could not be understood by the server: {""type"":""UnknownJsonError"",""body"":{""code"":""P6002"",""message"":""The provided API Key is invalid. Reason: API key is invalid""}} (The request id was: 9a00acccebcf922c)","prj_O80Q7CI4HKNiZczdRsgMJnH9RM0Z","","","01KA9B2AYVB8ZC50JN7Y0Q8K8E","",-1
"2025-11-17 16:41:18",1763397678451,"next2-pi-ten.vercel.app/api/products","GET","limit=4",-1,"9pzz2-1763397675848-0296dd36379a","Mozilla/5.0 (Windows NT 10.0; Win64; x64) AppleWebKit/537.36 (KHTML, like Gecko) Chrome/138.0.0.0 YaBrowser/25.8.0.0 Safari/537.36","info","production","main","","lambda","/api/products","next2-pi-ten.vercel.app","next2-pi-ten.vercel.app","dpl_J7eL6aWj6rizVjrXraxupNdDhf6W",-1,"fra1",-1,-1,"prisma:error 
Invalid `prisma.product.findMany()` invocation:


This request could not be understood by the server: {""type"":""UnknownJsonError"",""body"":{""code"":""P6002"",""message"":""The provided API Key is invalid. Reason: API key is invalid""}} (The request id was: 9a00acbf1ba0922c)","prj_O80Q7CI4HKNiZczdRsgMJnH9RM0Z","","","01KA9B2AYVB8ZC50JN7Y0Q8K8E","",-1
"2025-11-17 16:41:18",1763397678143,"next2-pi-ten.vercel.app/api/products","GET","limit=4",-1,"9pzz2-1763397675848-0296dd36379a","Mozilla/5.0 (Windows NT 10.0; Win64; x64) AppleWebKit/537.36 (KHTML, like Gecko) Chrome/138.0.0.0 YaBrowser/25.8.0.0 Safari/537.36","warning","production","main","","lambda","/api/products","next2-pi-ten.vercel.app","next2-pi-ten.vercel.app","dpl_J7eL6aWj6rizVjrXraxupNdDhf6W",-1,"fra1",-1,-1,"Database operation failed (attempt 2/3): 
Invalid `prisma.product.count()` invocation:


This request could not be understood by the server: {""type"":""UnknownJsonError"",""body"":{""code"":""P6002"",""message"":""The provided API Key is invalid. Reason: API key is invalid""}} (The request id was: 9a00acbf1aad4d3a)","prj_O80Q7CI4HKNiZczdRsgMJnH9RM0Z","","","01KA9B2AYVB8ZC50JN7Y0Q8K8E","",-1
"2025-11-17 16:41:18",1763397678143,"next2-pi-ten.vercel.app/api/products","GET","limit=4",-1,"9pzz2-1763397675848-0296dd36379a","Mozilla/5.0 (Windows NT 10.0; Win64; x64) AppleWebKit/537.36 (KHTML, like Gecko) Chrome/138.0.0.0 YaBrowser/25.8.0.0 Safari/537.36","info","production","main","","lambda","/api/products","next2-pi-ten.vercel.app","next2-pi-ten.vercel.app","dpl_J7eL6aWj6rizVjrXraxupNdDhf6W",-1,"fra1",-1,-1,"prisma:error 
Invalid `prisma.product.count()` invocation:


This request could not be understood by the server: {""type"":""UnknownJsonError"",""body"":{""code"":""P6002"",""message"":""The provided API Key is invalid. Reason: API key is invalid""}} (The request id was: 9a00acbf1aad4d3a)","prj_O80Q7CI4HKNiZczdRsgMJnH9RM0Z","","","01KA9B2AYVB8ZC50JN7Y0Q8K8E","",-1
"2025-11-17 16:41:17",1763397677246,"next2-pi-ten.vercel.app/api/products","GET","limit=4",-1,"9pzz2-1763397675848-0296dd36379a","Mozilla/5.0 (Windows NT 10.0; Win64; x64) AppleWebKit/537.36 (KHTML, like Gecko) Chrome/138.0.0.0 YaBrowser/25.8.0.0 Safari/537.36","info","production","main","","lambda","/api/products","next2-pi-ten.vercel.app","next2-pi-ten.vercel.app","dpl_J7eL6aWj6rizVjrXraxupNdDhf6W",-1,"fra1",-1,-1,"prisma:error 
Invalid `prisma.product.findMany()` invocation:


This request could not be understood by the server: {""type"":""UnknownJsonError"",""body"":{""code"":""P6002"",""message"":""The provided API Key is invalid. Reason: API key is invalid""}} (The request id was: 9a00acb75f5b922c)","prj_O80Q7CI4HKNiZczdRsgMJnH9RM0Z","","","01KA9B2AYVB8ZC50JN7Y0Q8K8E","",-1
"2025-11-17 16:41:16",1763397676927,"next2-pi-ten.vercel.app/api/products","GET","limit=4",-1,"9pzz2-1763397675848-0296dd36379a","Mozilla/5.0 (Windows NT 10.0; Win64; x64) AppleWebKit/537.36 (KHTML, like Gecko) Chrome/138.0.0.0 YaBrowser/25.8.0.0 Safari/537.36","warning","production","main","","lambda","/api/products","next2-pi-ten.vercel.app","next2-pi-ten.vercel.app","dpl_J7eL6aWj6rizVjrXraxupNdDhf6W",-1,"fra1",-1,-1,"Database operation failed (attempt 1/3): 
Invalid `prisma.product.count()` invocation:


This request could not be understood by the server: {""type"":""UnknownJsonError"",""body"":{""code"":""P6002"",""message"":""The provided API Key is invalid. Reason: API key is invalid""}} (The request id was: 9a00acb74c104d3a)","prj_O80Q7CI4HKNiZczdRsgMJnH9RM0Z","","","01KA9B2AYVB8ZC50JN7Y0Q8K8E","",-1
"2025-11-17 16:41:16",1763397676927,"next2-pi-ten.vercel.app/api/products","GET","limit=4",-1,"9pzz2-1763397675848-0296dd36379a","Mozilla/5.0 (Windows NT 10.0; Win64; x64) AppleWebKit/537.36 (KHTML, like Gecko) Chrome/138.0.0.0 YaBrowser/25.8.0.0 Safari/537.36","info","production","main","","lambda","/api/products","next2-pi-ten.vercel.app","next2-pi-ten.vercel.app","dpl_J7eL6aWj6rizVjrXraxupNdDhf6W",-1,"fra1",-1,-1,"prisma:error 
Invalid `prisma.product.count()` invocation:


This request could not be understood by the server: {""type"":""UnknownJsonError"",""body"":{""code"":""P6002"",""message"":""The provided API Key is invalid. Reason: API key is invalid""}} (The request id was: 9a00acb74c104d3a)","prj_O80Q7CI4HKNiZczdRsgMJnH9RM0Z","","","01KA9B2AYVB8ZC50JN7Y0Q8K8E","",-1
"2025-11-17 16:41:16",1763397676671,"next2-pi-ten.vercel.app/api/cart","GET","",-1,"mfbll-1763397675846-56dad4c35c28","Mozilla/5.0 (Windows NT 10.0; Win64; x64) AppleWebKit/537.36 (KHTML, like Gecko) Chrome/138.0.0.0 YaBrowser/25.8.0.0 Safari/537.36","warning","production","main","","lambda","/api/cart","next2-pi-ten.vercel.app","next2-pi-ten.vercel.app","dpl_J7eL6aWj6rizVjrXraxupNdDhf6W",-1,"fra1",-1,-1,"prisma:warn In production, we recommend using `prisma generate --no-engine` (See: `prisma generate --help`)","prj_O80Q7CI4HKNiZczdRsgMJnH9RM0Z","","","01KA9B2B291D65NA6WC10CHJCT","",-1
"2025-11-17 16:41:16",1763397676618,"next2-pi-ten.vercel.app/api/products","GET","limit=4",-1,"9pzz2-1763397675848-0296dd36379a","Mozilla/5.0 (Windows NT 10.0; Win64; x64) AppleWebKit/537.36 (KHTML, like Gecko) Chrome/138.0.0.0 YaBrowser/25.8.0.0 Safari/537.36","warning","production","main","","lambda","/api/products","next2-pi-ten.vercel.app","next2-pi-ten.vercel.app","dpl_J7eL6aWj6rizVjrXraxupNdDhf6W",-1,"fra1",-1,-1,"prisma:warn In production, we recommend using `prisma generate --no-engine` (See: `prisma generate --help`)","prj_O80Q7CI4HKNiZczdRsgMJnH9RM0Z","","","01KA9B2AYVB8ZC50JN7Y0Q8K8E","",-1
"2025-11-17 16:41:16",1763397676105,"next2-pi-ten.vercel.app/api/cart","GET","",401,"mfbll-1763397675846-56dad4c35c28","Mozilla/5.0 (Windows NT 10.0; Win64; x64) AppleWebKit/537.36 (KHTML, like Gecko) Chrome/138.0.0.0 YaBrowser/25.8.0.0 Safari/537.36","warning","production","main","","lambda","/api/cart","next2-pi-ten.vercel.app","next2-pi-ten.vercel.app","dpl_J7eL6aWj6rizVjrXraxupNdDhf6W",371,"fra1",108,2048,"","prj_O80Q7CI4HKNiZczdRsgMJnH9RM0Z","","","01KA9B2B291D65NA6WC10CHJCT","goPGAyEz1D3e",1
"2025-11-17 16:41:15",1763397675995,"next2-pi-ten.vercel.app/api/products","GET","limit=4",500,"9pzz2-1763397675848-0296dd36379a","Mozilla/5.0 (Windows NT 10.0; Win64; x64) AppleWebKit/537.36 (KHTML, like Gecko) Chrome/138.0.0.0 YaBrowser/25.8.0.0 Safari/537.36","error","production","main","","lambda","/api/products","next2-pi-ten.vercel.app","next2-pi-ten.vercel.app","dpl_J7eL6aWj6rizVjrXraxupNdDhf6W",4118,"fra1",127,2048,"","prj_O80Q7CI4HKNiZczdRsgMJnH9RM0Z","","","01KA9B2AYVB8ZC50JN7Y0Q8K8E","G8y5x1gGbOLA",1
